2,4.53,4.53
15,4.53,4.82
17,4.82,4.82
25,4.48,4.82
26,4.82,4.82
51,4.82,4.82
58,4.82,4.53
71,4.82,4.82
80,4.82,4.82
87,4.82,4.82
102,4.82,4.82
125,4.82,4.82
129,4.82,4.53
141,4.82,4.53
145,4.82,4.82
146,3.95,4.15
161,4.82,4.82
176,4.82,4.82
189,4.82,4.82
200,4.82,4.82
202,4.82,4.82
204,4.53,4.82
215,4.82,4.82
221,4.82,4.82
224,4.82,4.82
289,4.82,4.53
304,4.82,3.5500000000000003
311,4.82,4.53
322,4.82,4.82
323,4.82,4.82
335,4.82,4.82
342,4.82,4.53
385,4.82,4.53
401,4.53,4.82
425,4.82,4.53
442,4.82,4.82
450,4.82,4.82
451,4.81,4.82
452,4.82,4.82
454,4.82,4.82
470,4.82,4.82
492,4.53,4.075
509,4.82,4.82
513,4.53,4.82
523,4.82,4.53
534,4.82,4.82
557,4.82,4.82
559,4.82,4.82
560,4.82,4.82
562,4.82,4.82
566,4.53,4.48
570,4.82,4.82
580,4.91,4.82
587,4.82,4.82
602,4.82,4.82
618,4.82,4.82
621,4.82,4.82
644,4.53,4.82
645,4.82,4.53
648,4.82,4.82
654,4.82,4.82
665,4.82,4.82
699,4.82,4.53
706,4.53,4.53
732,4.82,4.82
748,4.82,4.82
751,4.82,4.82
753,4.82,4.82
756,4.82,4.82
760,4.82,4.82
765,4.82,4.82
775,4.82,4.82
787,4.82,4.82
795,4.82,4.82
798,4.82,4.82
803,4.82,4.82
809,4.82,4.53
838,4.82,4.82
854,4.82,4.82
856,4.82,4.82
863,4.82,4.82
877,4.82,4.82
878,4.82,4.82
880,4.82,4.82
885,4.82,4.82
886,4.82,4.82
896,4.82,4.82
897,4.82,4.82
908,4.72,4.82
919,4.82,4.82
924,4.82,4.82
931,4.82,4.82
937,4.82,4.82
944,4.82,4.82
947,4.82,4.82
948,4.82,4.82
956,4.82,4.82
959,4.82,4.82
982,4.82,4.82
986,4.82,4.82
987,4.82,4.82
988,4.82,4.82
1001,4.91,4.53
1020,4.82,4.82
1021,4.82,4.82
1022,4.82,4.82
1025,4.82,4.82
1026,4.82,4.82
1032,4.53,4.53
1034,4.82,4.82
1035,4.82,4.82
1052,4.82,4.82
1061,4.82,4.53
1070,4.82,4.82
1090,4.53,4.53
1101,4.82,4.82
1103,4.82,4.82
1120,4.82,4.82
1131,4.82,4.82
1135,4.82,4.82
1140,4.91,4.82
1143,4.82,4.82
1147,4.82,4.82
1151,4.53,4.82
1157,4.82,4.82
1158,4.82,4.82
1159,4.82,4.82
1162,4.82,4.82
1187,4.53,4.82
1192,4.82,4.82
1200,4.82,4.82
1205,4.85,4.82
1212,4.82,4.82
1232,4.82,4.82
1239,4.82,4.82
1242,4.82,4.53
1246,4.82,4.82
1271,4.82,4.1
1294,4.82,4.82
1299,4.82,4.82
1301,4.82,4.82
1304,4.82,4.82
1324,4.53,4.82
1341,4.82,4.82
1358,4.82,4.82
1388,4.82,4.82
1393,4.82,4.82
1404,4.82,4.82
1405,4.82,4.82
1408,4.72,4.53
1418,4.82,4.82
1421,4.82,4.82
1431,4.82,4.82
1436,4.82,4.82
1443,4.82,4.82
1469,4.82,4.82
1478,4.82,4.82
1530,4.82,4.82
1537,4.53,4.82
1540,4.82,4.82
1549,4.82,4.82
1554,4.82,4.82
1568,4.7700000000000005,4.82
1578,4.82,4.82
1583,4.53,4.82
1598,4.82,4.82
1599,4.82,4.82
1601,4.82,4.82
1612,4.82,4.82
1613,4.82,4.82
1617,4.82,4.82
1623,4.53,4.82
1633,4.82,4.91
1644,4.82,4.82
1652,4.82,4.82
1656,4.82,4.82
1663,4.82,4.82
1687,4.82,4.82
1696,4.82,4.82
1707,1.0,4.82
1724,4.82,4.82
1725,4.82,4.82
1734,4.82,4.82
1737,4.82,4.82
1746,4.48,4.53
1752,4.82,4.82
1754,4.82,4.085714285714285
1755,4.82,4.82
1758,4.82,4.82
1764,4.82,4.82
1765,4.82,4.82
1766,4.82,4.82
1774,4.82,4.82
1783,4.82,4.82
1816,4.82,4.82
1826,1.0,4.82
1834,4.82,4.82
1842,4.82,4.82
1848,4.82,4.82
1852,4.82,4.82
1870,4.82,4.82
1884,4.82,4.82
1891,4.82,4.82
1894,4.82,4.82
1903,4.82,4.82
1905,4.82,4.82
1911,4.82,4.82
1919,4.82,4.82
1923,4.82,4.53
1927,4.82,4.82
1953,4.82,4.82
1968,4.82,4.82
1969,4.82,4.82
1978,4.82,4.82
1979,4.81,4.82
1982,4.91,4.82
1987,4.82,4.53
1988,4.82,4.53
1997,4.82,4.82
2007,4.82,4.82
2014,4.82,4.82
2015,4.82,4.82
2026,4.82,4.82
2033,4.82,4.82
2035,4.82,4.82
2039,4.82,4.82
2043,4.82,4.82
2045,4.82,4.53
2047,4.82,4.82
2050,4.82,4.82
2062,4.82,3.8299999999999996
2081,4.53,4.82
2093,4.82,4.82
2116,4.82,4.82
2117,4.82,4.82
2118,4.82,4.82
2125,4.82,4.82
2156,4.82,4.82
2173,4.91,4.82
2182,4.82,4.82
2186,4.82,4.72
2189,4.82,4.82
2190,4.82,4.82
2207,4.82,4.82
2209,4.82,4.82
2211,4.82,4.53
2212,4.82,4.82
2213,4.53,4.82
2217,4.82,4.82
2222,4.82,4.82
2227,4.82,4.157894736842105
2237,4.82,4.82
2242,4.53,4.82
2245,4.82,4.82
2252,4.1,4.53
2256,4.82,4.53
2258,4.82,4.48
2273,4.82,4.82
2291,4.82,4.82
2299,4.82,4.82
2310,4.82,4.82
2317,4.82,4.82
2318,4.91,4.82
2320,4.82,4.82
2335,4.82,4.82
2341,4.82,4.82
2364,4.82,4.82
2376,4.82,4.82
2381,4.82,4.82
2396,4.82,4.82
2401,4.82,4.82
2407,4.82,4.81
2415,4.82,4.82
2416,4.82,4.53
2438,4.53,4.82
2441,4.82,4.82
2445,4.53,4.82
2455,4.82,4.82
2457,4.82,4.82
2463,4.82,4.4
2468,4.82,4.82
2481,4.82,4.82
2492,4.82,4.82
2500,4.82,4.82
2511,4.82,4.82
2527,4.82,4.82
2532,4.53,4.82
2534,4.82,4.82
2539,4.82,4.82
2544,4.82,4.82
2546,4.82,4.82
2555,4.82,4.82
2578,4.82,4.82
2583,4.82,4.82
2606,4.03,4.53
2631,4.82,4.82
2652,4.82,4.82
2654,4.53,4.82
2655,4.82,4.82
2657,4.82,4.82
2663,4.82,4.53
2673,4.82,4.82
2682,4.82,4.82
2685,4.82,4.82
2688,4.82,4.82
2690,4.82,4.82
2699,4.82,4.82
2718,4.82,4.82
2732,4.82,4.82
2740,4.82,4.82
2748,4.82,4.53
2783,4.82,4.82
2797,4.82,4.82
2802,4.82,4.82
2807,4.82,4.53
2809,4.82,4.82
2818,4.82,4.82
2819,4.82,4.82
2820,4.53,4.82
2828,4.82,4.82
2841,4.82,4.82
2842,4.82,4.82
2843,4.82,4.82
2847,4.82,4.82
2849,4.82,4.82
2855,4.82,4.82
2856,4.82,4.82
2858,4.82,4.82
2860,4.82,4.82
2867,4.82,4.82
2873,4.53,4.82
2880,4.82,4.82
2886,4.48,4.82
2901,4.82,4.82
2920,4.82,4.82
2933,4.82,4.82
2936,4.53,4.82
2941,4.82,4.82
2963,4.82,4.82
2974,4.91,4.82
2977,4.82,4.82
2985,4.82,4.82
3016,4.53,4.82
3032,4.91,4.82
3047,4.82,4.82
3056,4.82,4.53
3062,4.82,4.82
3067,4.53,4.82
3073,4.82,4.82
3077,4.82,4.82
3078,4.82,4.82
3090,4.82,4.82
3091,4.82,4.82
3097,4.82,4.82
3098,4.53,4.91
3102,4.82,4.53
3121,4.82,4.82
3139,4.82,4.82
3155,4.82,4.82
3167,4.82,4.82
3169,4.82,4.82
3185,4.82,4.82
3186,4.82,4.82
3188,4.82,4.82
3192,4.82,4.82
3208,4.82,4.82
3214,4.82,4.82
3215,4.82,4.82
3219,4.53,4.82
3222,4.82,4.82
3223,4.82,4.82
3235,4.82,4.82
3237,4.82,4.82
3242,4.82,4.91
3259,4.82,4.82
3272,4.82,4.82
3273,4.82,4.82
3274,4.82,4.53
3280,4.82,4.82
3282,4.82,4.53
3293,4.53,4.82
3301,4.82,4.48
3310,4.82,4.82
3313,4.82,4.82
3326,4.81,4.82
3328,4.82,4.82
3330,4.82,4.82
3357,4.53,4.82
3367,4.82,1.0
3372,4.82,4.82
3378,4.82,4.82
3379,4.82,4.82
3385,4.82,4.82
3386,4.82,4.82
3388,4.82,4.82
3390,4.82,4.82
3415,4.82,4.82
3431,4.82,4.82
3434,4.82,4.82
3443,4.075,4.82
3449,4.82,4.82
3453,4.82,4.82
3466,4.82,4.82
3477,4.81,4.82
3487,4.82,4.82
3488,4.82,4.82
3514,4.53,4.82
3518,4.82,4.82
3531,4.82,4.82
3535,4.82,4.53
3543,4.53,4.82
3546,4.82,4.82
3551,4.82,4.82
3570,4.91,4.82
3587,4.82,4.82
3591,4.82,4.82
3599,4.82,4.82
3603,4.53,4.82
3605,4.82,4.82
3609,4.81,4.82
3610,4.82,4.82
3612,4.53,4.82
3613,4.82,4.82
3614,4.82,4.82
3622,4.82,4.82
3625,4.82,4.82
3632,4.82,4.82
3641,4.82,4.82
3642,4.53,4.82
3667,4.82,4.82
3672,4.82,4.82
3681,4.82,4.82
3689,4.82,4.82
3700,4.82,4.48
3704,4.91,4.82
3705,4.82,4.82
3710,4.82,4.82
3741,4.82,4.82
3745,4.82,4.82
3761,4.82,4.82
3773,4.53,4.53
3778,4.82,4.82
3779,4.53,4.157894736842105
3799,4.82,4.82
3824,4.82,4.82
3828,4.82,4.82
3839,4.82,4.82
3840,4.82,4.82
3845,4.82,4.82
3866,4.53,4.53
3874,4.82,4.82
3883,4.82,4.82
3887,4.82,4.53
3888,4.53,4.82
3899,4.82,4.82
3905,4.82,4.82
3906,4.82,4.82
3921,4.82,4.82
3924,4.82,4.82
3929,4.82,4.82
3930,4.82,4.82
3932,4.82,4.53
3935,4.82,4.82
3936,4.82,4.82
3953,4.82,4.82
3956,4.82,4.82
3960,4.82,4.82
3961,4.82,4.82
3974,4.53,4.82
3988,4.4,4.82
3992,4.82,4.91
3995,4.82,4.82
4000,4.53,4.53
4011,4.53,4.82
4014,4.82,4.82
4018,4.82,4.075
4030,4.82,4.53
4031,4.53,4.48
4069,4.85,4.82
4071,4.53,4.53
4075,4.82,4.82
4087,4.82,4.53
4094,4.82,4.53
4096,4.82,4.82
4097,4.82,4.82
4117,4.82,4.82
4131,4.82,4.53
4132,4.82,4.82
4140,4.82,4.82
4147,4.72,4.82
4150,4.82,4.53
4159,4.53,4.82
4160,4.82,4.82
4164,4.53,4.53
4170,4.1,4.53
4174,4.82,4.82
4201,4.82,4.82
4206,4.82,4.82
4209,4.82,4.82
4214,4.82,4.82
4221,4.82,4.82
4222,4.53,4.82
4235,4.82,4.82
4253,4.82,4.82
4261,4.82,4.82
4262,4.82,4.82
4264,5.0,4.82
4269,4.82,4.82
4280,4.82,4.82
4292,4.82,4.82
4300,4.82,4.82
4320,4.82,4.82
4333,4.82,4.82
4335,4.82,4.82
4346,4.82,4.82
4347,4.82,4.82
4354,4.82,4.53
4356,4.82,4.82
4357,4.82,4.82
4360,4.82,4.82
4379,4.82,4.82
4381,4.82,4.82
4383,4.82,4.82
4388,4.82,4.82
4426,4.82,4.82
4428,4.82,4.82
4431,4.82,4.82
4433,4.82,4.82
4452,4.82,4.82
4455,4.82,4.82
4457,4.82,4.82
4462,4.82,4.82
4476,4.53,4.82
4477,4.82,4.82
4482,4.82,4.82
4486,4.82,4.82
4518,4.82,4.82
4534,4.82,4.82
4543,4.82,4.82
4550,4.82,4.82
4555,4.82,4.82
4565,4.82,4.82
4568,4.82,4.82
4573,4.82,4.82
4582,4.82,4.82
4592,4.82,4.82
4593,4.82,4.82
4609,4.82,4.82
4613,4.82,4.82
4617,4.82,4.82
4626,4.48,4.82
4642,4.82,4.82
4662,4.82,3.5500000000000003
4671,4.53,4.82
4672,4.82,4.82
4691,4.82,4.82
4692,4.82,4.82
4699,4.82,4.82
4705,4.82,4.82
4715,4.82,4.82
4724,4.82,4.82
4726,4.82,4.82
4728,4.53,4.82
4738,4.53,4.82
4751,4.82,4.82
4763,4.82,4.82
4793,4.53,4.82
4803,4.48,4.82
4811,4.53,4.82
4818,4.82,4.82
4821,4.82,4.82
4830,4.82,4.82
4840,4.82,4.82
4844,4.82,4.82
4847,4.82,4.82
4859,4.82,4.82
4868,4.82,4.82
4873,4.82,4.82
4895,4.82,4.82
4898,4.82,4.82
4900,4.82,4.82
4917,4.82,4.82
4923,4.53,4.82
4929,4.53,4.82
4937,4.91,4.82
4948,4.82,4.82
4951,4.82,4.82
4953,4.82,4.82
4971,4.82,4.82
4973,4.82,4.157894736842105
4980,4.82,4.157894736842105
5000,4.82,4.82
5007,4.82,4.82
5023,4.82,4.82
5024,4.82,4.53
5042,4.82,4.82
5046,4.82,4.82
5053,4.82,4.82
5060,4.82,4.82
5061,4.53,4.82
5072,4.82,4.82
5078,4.82,4.82
5080,4.82,4.82
5089,4.82,4.82
5097,4.82,4.82
5112,4.82,4.82
5130,4.82,4.82
5137,4.82,4.075
5139,4.82,4.82
5140,4.82,4.82
5151,4.82,4.82
5160,4.82,4.82
5180,4.82,4.82
5186,4.82,4.82
5200,4.82,4.53
5204,4.82,4.82
5212,4.82,4.82
5263,4.82,4.53
5278,4.82,4.82
5281,4.82,4.82
5283,4.82,4.82
5288,4.82,4.82
5293,4.82,4.82
5299,4.82,4.82
5300,4.82,4.82
5313,4.82,4.82
5314,4.82,4.82
5322,4.82,4.82
5360,4.82,4.82
5383,4.82,4.82
5392,4.82,4.82
5398,4.82,4.82
5403,4.82,4.82
5414,4.82,2.8
5417,4.82,4.82
5421,4.82,4.82
5435,4.82,4.82
5438,4.82,4.82
5440,4.82,4.82
5447,4.82,4.82
5455,4.82,4.82
5456,4.53,4.157894736842105
5466,4.82,4.82
5468,4.53,4.82
5470,4.82,4.157894736842105
5479,4.82,4.82
5483,4.53,4.82
5488,4.82,4.82
5490,4.82,4.82
5493,4.53,4.82
5506,4.82,4.82
5508,4.82,4.82
5536,4.82,4.53
5541,4.82,4.82
5550,4.82,4.82
5552,4.82,4.53
5561,4.82,4.82
5590,4.82,4.82
5591,4.82,4.82
5594,4.82,4.82
5604,4.82,4.1
5605,4.82,4.157894736842105
5612,4.82,4.82
5618,4.82,4.82
5626,4.82,4.53
5627,4.82,4.82
5648,4.82,4.82
5649,4.82,4.82
5658,4.82,4.82
5684,4.82,4.82
5699,4.82,4.82
5702,4.53,4.82
5704,4.82,4.82
5721,4.82,4.82
5728,4.53,4.82
5759,4.82,4.82
5765,4.82,4.157894736842105
5783,4.82,4.82
5799,4.82,4.82
5806,4.82,4.82
5809,4.82,4.82
5832,4.82,4.53
5853,4.82,4.82
5855,4.82,4.82
5878,4.82,4.82
5899,4.82,4.82
5900,4.82,4.82
5914,4.82,4.48
5918,4.82,4.82
5927,4.82,4.48
5933,4.82,4.82
5950,4.82,4.82
5954,4.82,4.82
5964,4.82,4.53
5965,4.82,4.82
5980,4.53,4.82
6012,4.82,4.82
6013,4.82,4.82
6023,4.82,4.82
6028,4.82,4.82
6041,4.82,4.82
6052,4.82,4.82
6062,4.82,4.82
6074,4.82,4.157894736842105
6082,4.82,4.82
6083,4.53,4.1
6088,4.82,4.82
6127,4.82,4.48
6129,4.82,4.82
6132,4.82,4.82
6133,4.82,4.82
6136,4.53,4.82
6137,4.82,3.15
6139,4.82,4.82
6161,4.82,4.82
6166,4.82,4.82
6170,4.82,4.82
6172,4.82,4.82
6213,4.82,4.82
6221,4.82,4.82
6226,4.82,4.53
6231,4.82,4.82
6233,4.82,4.82
6263,4.82,4.82
6269,4.82,4.82
6273,4.82,4.82
6287,4.82,4.82
6308,4.82,4.82
6315,4.82,4.82
6326,4.82,4.53
6329,4.53,4.53
6333,4.82,4.82
6342,4.82,4.82
6351,4.82,4.82
6355,4.82,4.82
6379,4.53,4.82
6380,4.82,4.82
6382,4.82,4.82
6385,4.82,4.82
6400,4.82,4.82
6402,4.82,4.53
6409,4.82,4.91
6414,4.82,4.82
6427,4.48,4.82
6443,4.82,4.82
6448,4.82,4.82
6449,4.82,4.82
6466,4.82,4.82
6481,4.82,4.72
6502,4.82,4.82
6541,4.82,4.82
6549,4.82,4.82
6560,4.82,4.82
6564,4.82,4.157894736842105
6565,4.82,4.1
6573,4.82,4.81
6578,4.82,4.53
6620,4.82,4.82
6650,4.82,4.157894736842105
6659,4.82,4.82
6662,4.82,4.1
6693,4.82,4.82
6716,4.53,4.82
6717,4.82,4.82
6737,4.82,4.82
6750,4.82,4.82
6762,4.82,4.82
6766,4.82,4.82
6783,4.82,4.82
6808,4.82,4.82
6809,4.82,4.82
6841,4.82,4.82
6844,4.82,4.53
6847,4.1,4.82
6848,4.82,4.82
6871,4.82,4.82
6883,4.82,4.82
6885,4.82,4.82
6886,4.82,4.82
6902,4.82,4.82
6923,4.82,4.82
6927,4.82,3.72
6934,4.82,4.82
6948,4.82,4.82
6949,4.82,4.1
6954,4.82,4.82
6955,4.82,4.82
6974,4.82,4.82
6986,4.82,4.82
6987,4.82,4.82
6990,4.82,4.82
7000,4.82,4.82
7003,4.82,4.075
7018,4.82,4.82
7019,4.82,4.82
7024,4.82,4.82
7025,4.82,4.82
7028,4.82,4.7700000000000005
7036,4.82,4.82
7037,4.82,4.82
7051,4.82,4.48
7053,4.82,4.82
7062,4.82,4.82
7073,4.82,4.82
7078,4.82,4.82
7083,4.82,4.82
7089,4.82,4.82
7090,4.53,4.1
7095,4.53,4.82
7097,4.82,4.82
7109,4.53,4.82
7116,4.82,4.82
7120,4.82,3.72
7129,4.82,4.82
7140,4.82,4.82
7149,4.82,4.157894736842105
7157,4.82,4.82
7165,4.82,4.53
7170,4.157894736842105,4.82
7180,4.91,4.82
7186,4.075,4.82
7195,4.82,4.82
7203,4.82,4.075
7209,4.82,4.157894736842105
7215,4.82,4.82
7219,4.82,4.53
7230,4.82,4.82
7265,4.82,4.82
7267,4.82,4.82
7294,4.1,4.82
7303,4.81,4.82
7315,4.82,4.82
7319,4.075,4.48
7333,4.82,4.82
7348,4.82,4.53
7375,4.53,4.82
7427,4.82,4.82
7429,4.82,4.82
7442,4.82,4.82
7451,4.82,4.82
7457,4.82,4.82
7462,4.82,4.82
7463,4.82,4.82
7479,4.82,4.82
7494,4.82,4.82
7506,4.82,4.82
7512,4.82,4.82
7525,4.82,4.82
7529,4.82,4.53
7554,4.82,4.53
7557,4.82,4.82
7565,4.82,4.82
7577,4.82,4.82
7578,4.53,4.82
7604,4.82,4.82
7605,4.82,4.82
7614,4.82,4.82
7619,4.82,4.82
7644,4.82,4.82
7645,4.82,4.82
7650,4.82,4.82
7659,4.82,4.82
7670,4.82,4.82
7679,4.82,4.82
7682,4.82,4.82
7687,4.82,4.53
7698,4.82,4.7700000000000005
7701,4.82,4.82
7708,4.53,4.1
7725,4.82,4.82
7726,4.82,4.82
7734,4.82,3.8299999999999996
7747,4.82,4.82
7752,4.85,4.85
7756,4.82,4.82
7761,4.82,4.53
7787,4.53,4.82
7788,4.82,4.82
7790,4.82,4.82
7794,4.53,4.53
7799,4.82,4.82
7818,4.82,4.82
7821,4.82,4.82
7840,4.82,4.82
7843,4.82,4.53
7872,4.72,4.075
7876,4.53,4.82
7883,4.82,4.53
7896,4.82,4.82
7897,4.82,4.82
7906,4.82,4.82
7912,4.82,4.82
7915,4.82,4.82
7919,4.82,4.82
7920,4.82,4.82
7933,4.82,4.82
7963,4.82,4.82
7973,4.82,4.82
7982,4.82,4.53
7987,4.82,4.82
7991,4.82,4.82
8008,4.82,4.82
8023,4.82,4.157894736842105
8024,4.82,4.82
8036,5.0,4.82
8059,4.82,4.82
8063,4.82,4.82
8070,4.7700000000000005,4.82
8077,4.82,4.82
8078,4.82,4.82
8084,4.82,4.82
8099,4.82,4.82
8100,4.82,4.82
8101,4.82,4.82
8104,4.82,4.53
8106,4.82,4.82
8115,4.82,4.82
8122,4.82,4.82
8129,4.53,4.82
8135,4.82,4.82
8144,4.82,4.82
8156,4.82,4.53
8162,4.53,4.48
8163,4.82,4.82
8164,4.82,4.53
8193,4.82,4.82
8202,4.82,4.82
8214,4.82,4.82
8219,4.82,4.82
8233,4.82,4.53
8245,4.82,4.82
8257,4.82,4.82
8265,4.82,4.82
8266,4.82,4.82
8276,4.82,4.53
8280,4.82,4.82
8282,4.82,4.157894736842105
8286,4.82,4.82
8296,4.82,4.82
8302,4.82,4.82
8308,3.18,4.82
8312,4.82,4.82
8331,4.82,4.82
8334,4.82,4.82
8336,4.82,4.82
8346,4.82,4.82
8354,4.82,4.82
8361,4.82,4.82
8384,4.82,4.63
8409,4.82,4.82
8412,4.82,4.82
8419,4.48,3.93
8432,4.53,4.53
8440,4.82,4.53
8441,4.82,4.82
8454,4.82,4.82
8458,4.82,4.82
8467,4.82,4.63
8482,4.82,4.53
8494,4.82,4.82
8509,4.82,4.82
8516,4.82,4.82
8528,4.82,4.82
8531,4.82,4.82
8545,4.82,4.82
8592,4.53,4.82
8596,4.82,4.82
8601,4.82,4.72
8618,4.82,4.82
8620,4.82,4.82
8622,4.82,4.157894736842105
8657,4.82,4.82
8662,4.82,4.82
8669,4.82,4.82
8675,4.82,4.82
8690,4.82,4.82
8718,4.82,4.82
8735,4.82,4.82
8751,4.82,4.82
8771,4.82,4.82
8795,4.82,4.82
8803,4.82,4.82
8806,4.53,4.82
8814,4.82,4.82
8821,4.82,4.82
8823,4.53,4.82
8824,4.82,4.82
8829,4.82,4.82
8837,4.82,4.82
8867,4.82,4.82
8872,4.82,4.91
8873,4.82,4.82
8876,4.82,4.82
8877,4.82,4.82
8880,4.82,4.82
8885,4.82,4.82
8891,4.82,4.82
8892,4.82,4.82
8893,4.82,4.82
8894,4.82,4.53
8896,4.82,4.82
8919,4.82,4.82
8922,4.82,4.157894736842105
8958,4.82,4.82
8961,4.82,4.82
8967,4.82,4.53
8995,4.82,4.82
9014,4.82,4.82
9020,4.82,4.82
9024,4.82,4.7700000000000005
9026,4.82,4.53
9029,4.82,4.82
9031,4.82,4.53
9046,4.82,4.82
9047,4.82,4.82
9058,4.53,4.82
9069,4.82,4.82
9071,4.53,4.82
9072,4.82,4.82
9074,4.82,4.82
9078,4.82,4.82
9080,4.82,4.82
9083,4.82,4.82
9086,4.82,4.82
9092,4.82,4.157894736842105
9108,4.82,4.82
9110,4.82,4.82
9139,4.82,4.82
9143,4.82,4.82
9151,4.82,4.82
9168,4.82,4.82
9188,4.82,4.82
9189,4.72,4.72
9194,4.82,4.82
9198,4.72,4.075
9202,4.82,4.82
9212,4.53,4.82
9219,4.82,4.82
9223,4.82,4.82
9238,4.82,4.82
9240,4.82,4.157894736842105
9291,4.82,4.53
9294,4.82,4.82
9311,4.82,4.82
9333,4.82,4.157894736842105
9361,4.82,4.82
9363,4.82,4.82
9371,4.82,4.82
9378,4.82,4.82
9386,4.82,4.82
9402,4.82,4.82
9429,4.53,3.5500000000000003
9430,4.82,4.82
9440,4.82,4.82
9447,4.82,4.82
9448,4.82,4.82
9463,4.82,4.82
9475,4.82,4.82
9489,4.82,4.075
9497,4.82,4.82
9521,4.82,4.82
9544,4.82,4.53
9554,4.82,4.82
9560,4.82,4.82
9566,4.82,4.82
9568,4.53,4.82
9577,3.72,4.82
9591,4.82,4.157894736842105
9616,4.82,4.82
9620,4.82,4.82
9628,4.82,4.82
9630,4.82,4.53
9633,4.53,4.82
9635,4.82,4.53
9644,4.82,4.82
9651,4.82,4.82
9657,4.82,4.82
9666,4.82,4.82
9675,4.53,4.4
9682,4.82,4.53
9686,4.82,4.82
9690,4.82,4.82
9702,4.82,4.82
9703,4.82,4.82
9704,4.82,4.82
9710,4.48,4.82
9716,4.82,4.82
9725,4.48,4.075
9727,4.82,4.82
9746,4.53,4.82
9781,4.82,4.53
9787,4.82,4.82
9798,4.82,4.82
9826,4.82,4.82
9828,4.157894736842105,4.85
9842,4.82,4.82
9849,4.82,4.82
9865,4.82,4.82
9868,4.82,4.82
9869,4.82,4.82
9873,4.82,4.53
9876,4.82,4.82
9882,4.82,4.82
9894,4.82,4.82
9911,4.82,4.82
9918,4.82,4.82
9931,4.82,4.48
9941,4.82,4.48
9945,4.82,4.82
9947,4.82,4.82
9958,4.82,4.82
9967,4.82,4.82
9968,4.82,4.82
9972,4.82,4.82
9993,4.53,4.82
9996,4.82,4.53
10011,4.82,4.82
10013,4.82,4.157894736842105
10018,4.82,4.82
10027,4.82,4.82
10050,4.48,4.82
10068,4.82,4.82
10102,4.82,4.82
10107,4.82,4.82
10114,4.82,4.82
10115,4.82,4.82
10119,4.82,4.82
10130,4.82,4.53
10135,4.53,4.82
10138,4.82,4.82
10143,4.82,4.82
10145,4.82,4.82
10153,4.82,4.82
10169,4.82,4.82
10178,4.82,4.82
10189,4.82,4.82
10210,4.82,4.82
10211,4.82,4.075
10217,4.82,4.82
10223,4.82,4.82
10236,4.82,4.82
10244,4.82,4.82
10267,4.82,4.82
10270,4.82,3.93
10283,4.82,4.53
10285,4.82,4.82
10288,4.53,4.82
10308,4.82,4.82
10313,4.82,4.82
10326,4.82,4.82
10341,4.82,4.82
10342,4.82,4.82
10354,4.53,4.82
10356,4.82,4.82
10364,4.82,4.82
10370,4.82,4.82
10374,4.157894736842105,4.82
10384,4.82,4.82
10391,4.82,4.82
10414,4.82,4.53
10420,4.82,4.82
10445,4.82,4.82
10452,4.82,4.82
10461,4.82,4.82
10473,4.82,4.53
10482,4.82,4.53
10510,4.82,4.82
10515,4.53,4.53
10522,4.82,4.82
10538,4.82,4.82
10552,4.82,4.82
10557,4.82,4.82
10563,4.82,4.157894736842105
10565,4.82,4.82
10577,4.82,4.82
10601,4.82,4.82
10604,4.82,4.82
10607,4.82,4.53
10611,4.53,4.82
10619,4.82,4.82
10626,4.82,4.82
10627,4.53,4.82
10631,4.82,4.82
10674,4.82,4.82
10687,4.82,4.82
10700,4.82,4.82
10732,4.82,4.82
10741,4.82,4.82
10750,4.48,4.1
10756,4.82,4.82
10776,4.82,4.82
10779,4.82,4.82
10780,4.82,4.82
10782,4.82,4.82
10788,4.82,4.82
10802,4.82,4.82
10809,4.82,4.82
10813,4.82,4.82
10836,4.53,4.82
10840,4.82,4.53
10845,4.82,4.82
10852,4.82,4.82
10859,4.82,4.82
10866,4.82,4.82
10896,4.82,4.82
10903,4.82,4.53
10915,4.82,4.82
10919,4.82,4.82
10920,4.82,4.82
10977,4.82,4.82
10983,4.53,4.82
10985,4.53,4.82
10999,4.82,4.82
11005,4.82,4.82
11013,4.82,4.82
11019,4.53,4.82
11028,4.82,4.82
11038,4.82,4.82
11053,4.82,4.82
11063,4.82,4.82
11066,4.82,4.82
11068,4.82,4.82
11078,4.82,4.82
11079,4.82,4.53
11084,4.82,4.82
11107,4.82,4.82
11118,4.82,4.82
11125,3.4499999999999997,4.82
11130,4.82,4.2299999999999995
11131,4.53,4.075
11153,4.82,4.82
11162,4.82,4.82
11164,4.82,4.82
11166,4.82,4.82
11168,4.82,4.82
11174,4.82,4.53
11175,4.82,4.82
11177,4.82,4.82
11180,4.82,4.82
11193,4.82,4.1
11196,4.82,4.82
11205,4.82,4.82
11208,4.82,4.82
11212,4.82,4.82
11227,4.82,4.82
11232,4.82,4.82
11256,4.82,4.82
11258,4.82,4.82
11259,4.82,4.82
11261,4.075,4.82
11263,4.53,4.82
11264,4.82,4.82
11270,4.82,4.82
11272,4.91,4.53
11298,4.82,4.82
11301,4.82,4.82
11304,4.82,4.82
11309,4.82,4.82
11313,4.82,4.82
11330,4.82,4.82
11343,4.82,4.82
11351,4.82,4.82
11359,4.82,4.82
11386,4.82,4.82
11390,4.82,4.82
11392,4.82,4.82
11408,4.82,4.82
11424,4.53,4.82
11428,4.53,4.82
11429,4.82,4.82
11437,4.82,4.82
11442,4.82,4.82
11459,4.82,4.1
11469,4.82,4.82
11475,4.53,4.82
11487,4.82,4.82
