23,4.819999999999999,4.819999999999999,4.819999999999999
55,4.529999999999999,4.819999999999999,4.819999999999999
68,4.529999999999999,4.529999999999999,4.819999999999999
70,4.529999999999999,4.819999999999999,4.819999999999999
79,4.529999999999999,4.529999999999999,4.819999999999999
84,4.529999999999999,4.819999999999999,4.819999999999999
94,4.157894736842105,4.529999999999999,4.529999999999999
103,4.529999999999999,4.819999999999999,4.819999999999999
105,3.1800000000000006,4.819999999999999,4.819999999999999
111,4.529999999999999,4.529999999999999,4.529999999999999
128,3.93,4.819999999999999,4.819999999999999
133,4.529999999999999,4.529999999999999,4.529999999999999
144,4.819999999999999,4.819999999999999,4.819999999999999
165,4.529999999999999,4.819999999999999,4.819999999999999
166,4.819999999999999,4.819999999999999,4.819999999999999
173,4.529999999999999,4.819999999999999,4.819999999999999
180,4.529999999999999,4.529999999999999,4.819999999999999
187,4.819999999999999,4.819999999999999,4.529999999999999
201,4.819999999999999,4.819999999999999,4.819999999999999
216,4.529999999999999,4.819999999999999,4.529999999999999
240,4.819999999999999,4.819999999999999,4.819999999999999
251,4.529999999999999,4.819999999999999,4.819999999999999
252,4.819999999999999,4.819999999999999,4.819999999999999
270,4.529999999999999,4.819999999999999,4.819999999999999
272,4.819999999999999,4.819999999999999,4.819999999999999
286,4.529999999999999,4.529999999999999,4.819999999999999
301,4.529999999999999,4.529999999999999,4.819999999999999
307,4.819999999999999,4.819999999999999,4.819999999999999
327,4.819999999999999,4.819999999999999,4.819999999999999
360,4.529999999999999,4.819999999999999,4.819999999999999
363,4.529999999999999,2.45,4.529999999999999
365,4.819999999999999,4.819999999999999,4.819999999999999
368,4.529999999999999,4.819999999999999,4.819999999999999
374,4.529999999999999,2.85,4.529999999999999
382,4.529999999999999,4.819999999999999,4.529999999999999
390,4.529999999999999,4.819999999999999,4.529999999999999
395,4.529999999999999,3.5500000000000003,4.819999999999999
396,4.819999999999999,4.819999999999999,4.819999999999999
409,3.1800000000000006,4.819999999999999,4.819999999999999
412,4.529999999999999,4.529999999999999,4.819999999999999
415,4.529999999999999,4.819999999999999,4.819999999999999
419,4.819999999999999,4.819999999999999,4.819999999999999
430,4.529999999999999,4.819999999999999,4.819999999999999
436,4.529999999999999,4.529999999999999,4.529999999999999
443,4.529999999999999,4.819999999999999,4.819999999999999
455,4.819999999999999,4.819999999999999,4.819999999999999
488,4.819999999999999,4.819999999999999,4.819999999999999
491,4.819999999999999,4.819999999999999,4.819999999999999
514,4.529999999999999,4.819999999999999,4.819999999999999
523,4.529999999999999,4.529999999999999,4.529999999999999
526,4.529999999999999,4.529999999999999,4.819999999999999
586,3.1800000000000006,4.819999999999999,4.819999999999999
596,4.819999999999999,4.819999999999999,4.819999999999999
611,4.529999999999999,4.819999999999999,4.819999999999999
617,4.819999999999999,4.819999999999999,4.819999999999999
621,3.1800000000000006,4.529999999999999,4.819999999999999
644,4.529999999999999,4.819999999999999,4.819999999999999
653,4.819999999999999,4.819999999999999,4.819999999999999
657,4.529999999999999,4.819999999999999,4.819999999999999
670,4.819999999999999,4.819999999999999,4.819999999999999
692,4.529999999999999,4.819999999999999,4.819999999999999
702,4.819999999999999,4.819999999999999,4.819999999999999
714,4.819999999999999,4.819999999999999,4.819999999999999
749,4.529999999999999,4.819999999999999,4.819999999999999
754,4.819999999999999,4.819999999999999,4.819999999999999
823,4.819999999999999,4.819999999999999,4.819999999999999
825,4.529999999999999,4.819999999999999,4.529999999999999
829,4.819999999999999,4.819999999999999,4.819999999999999
845,3.93,4.529999999999999,4.819999999999999
853,4.819999999999999,4.819999999999999,4.819999999999999
857,4.819999999999999,4.819999999999999,4.819999999999999
860,4.819999999999999,4.819999999999999,4.819999999999999
867,2.45,4.819999999999999,4.529999999999999
870,4.529999999999999,4.819999999999999,4.819999999999999
871,3.7499999999999996,4.819999999999999,4.819999999999999
885,4.529999999999999,4.819999999999999,4.529999999999999
891,4.819999999999999,4.819999999999999,4.529999999999999
896,4.529999999999999,4.819999999999999,4.819999999999999
904,4.529999999999999,4.075,4.819999999999999
925,4.819999999999999,4.819999999999999,4.819999999999999
953,4.529999999999999,4.819999999999999,4.819999999999999
967,4.529999999999999,3.93,4.819999999999999
975,4.529999999999999,4.819999999999999,4.819999999999999
993,4.819999999999999,4.819999999999999,4.819999999999999
999,4.529999999999999,4.529999999999999,4.819999999999999
1028,4.529999999999999,4.819999999999999,4.819999999999999
1038,4.819999999999999,4.819999999999999,4.819999999999999
1039,4.529999999999999,4.529999999999999,4.819999999999999
1045,4.529999999999999,4.819999999999999,4.529999999999999
1058,4.529999999999999,4.819999999999999,4.529999999999999
1060,4.819999999999999,4.819999999999999,4.819999999999999
1072,4.529999999999999,4.819999999999999,4.529999999999999
1097,4.479999999999999,4.819999999999999,4.819999999999999
1108,4.529999999999999,4.819999999999999,4.819999999999999
1110,4.529999999999999,4.819999999999999,4.819999999999999
1111,4.819999999999999,4.819999999999999,4.819999999999999
1118,4.819999999999999,4.819999999999999,4.819999999999999
1135,3.1800000000000006,4.529999999999999,4.819999999999999
1137,4.819999999999999,4.529999999999999,4.819999999999999
1161,4.819999999999999,4.819999999999999,4.819999999999999
1168,4.819999999999999,4.529999999999999,4.529999999999999
1170,4.529999999999999,4.529999999999999,4.529999999999999
1176,4.529999999999999,4.819999999999999,4.819999999999999
1178,4.819999999999999,4.819999999999999,4.819999999999999
1201,4.819999999999999,4.819999999999999,4.819999999999999
1210,4.529999999999999,4.529999999999999,4.529999999999999
1226,4.529999999999999,4.819999999999999,4.819999999999999
1235,4.529999999999999,4.819999999999999,4.529999999999999
1255,4.819999999999999,4.819999999999999,4.819999999999999
1273,4.819999999999999,4.529999999999999,4.819999999999999
1291,4.529999999999999,4.819999999999999,4.529999999999999
1297,4.819999999999999,4.819999999999999,4.819999999999999
1312,4.1,4.529999999999999,4.819999999999999
1315,4.819999999999999,4.819999999999999,4.819999999999999
1320,4.529999999999999,4.819999999999999,4.819999999999999
1322,4.819999999999999,4.819999999999999,4.819999999999999
1323,4.819999999999999,4.819999999999999,4.819999999999999
1329,4.529999999999999,4.529999999999999,4.819999999999999
1330,4.819999999999999,4.819999999999999,4.819999999999999
1344,4.529999999999999,4.819999999999999,4.819999999999999
1346,4.819999999999999,4.819999999999999,4.819999999999999
1351,4.529999999999999,4.819999999999999,4.819999999999999
1368,4.1,4.529999999999999,4.529999999999999
1373,4.819999999999999,4.819999999999999,4.819999999999999
1374,4.819999999999999,4.819999999999999,4.819999999999999
1386,4.529999999999999,4.819999999999999,4.529999999999999
1396,4.529999999999999,4.819999999999999,4.819999999999999
1406,4.819999999999999,4.819999999999999,4.819999999999999
1410,4.529999999999999,4.819999999999999,4.819999999999999
1417,4.529999999999999,4.819999999999999,4.819999999999999
1420,4.529999999999999,4.819999999999999,4.819999999999999
1425,4.529999999999999,4.529999999999999,4.819999999999999
1440,4.819999999999999,4.819999999999999,4.819999999999999
1442,4.529999999999999,4.819999999999999,4.819999999999999
1460,4.819999999999999,4.819999999999999,4.529999999999999
1465,4.529999999999999,4.819999999999999,4.529999999999999
1475,3.1800000000000006,4.529999999999999,4.819999999999999
1479,4.529999999999999,4.529999999999999,4.819999999999999
1491,4.529999999999999,4.529999999999999,4.819999999999999
1497,3.83,4.529999999999999,4.819999999999999
1507,4.529999999999999,4.529999999999999,4.819999999999999
1523,4.819999999999999,3.5500000000000003,4.819999999999999
1540,4.819999999999999,4.819999999999999,4.819999999999999
1541,4.819999999999999,4.819999999999999,4.819999999999999
1564,4.819999999999999,4.819999999999999,4.819999999999999
1582,4.529999999999999,4.529999999999999,4.819999999999999
1595,4.529999999999999,4.529999999999999,4.819999999999999
1619,3.93,3.25,3.93
1624,4.819999999999999,4.819999999999999,4.819999999999999
1667,4.529999999999999,4.819999999999999,4.529999999999999
1668,4.819999999999999,4.819999999999999,4.819999999999999
1707,4.529999999999999,4.819999999999999,4.529999999999999
1741,4.819999999999999,4.819999999999999,4.819999999999999
1746,4.529999999999999,4.819999999999999,4.819999999999999
1757,4.529999999999999,4.819999999999999,4.819999999999999
1777,2.45,4.529999999999999,4.529999999999999
1786,4.819999999999999,4.819999999999999,4.819999999999999
1788,4.529999999999999,4.819999999999999,4.819999999999999
1799,4.1,4.819999999999999,4.819999999999999
1802,4.819999999999999,4.819999999999999,4.819999999999999
1807,4.819999999999999,4.819999999999999,4.819999999999999
1808,4.819999999999999,4.819999999999999,4.819999999999999
1816,4.819999999999999,4.819999999999999,4.819999999999999
1818,4.819999999999999,4.819999999999999,4.819999999999999
1833,4.819999999999999,4.529999999999999,4.819999999999999
1834,4.819999999999999,4.819999999999999,4.529999999999999
1838,4.529999999999999,4.819999999999999,4.819999999999999
1856,4.819999999999999,4.819999999999999,4.529999999999999
1865,4.529999999999999,4.529999999999999,4.529999999999999
1889,4.819999999999999,2.8000000000000003,4.819999999999999
1895,4.819999999999999,4.819999999999999,4.819999999999999
1897,4.819999999999999,4.819999999999999,4.819999999999999
1911,4.819999999999999,4.819999999999999,4.819999999999999
1917,4.529999999999999,4.819999999999999,4.529999999999999
1939,3.93,4.529999999999999,4.529999999999999
1940,4.819999999999999,4.819999999999999,4.529999999999999
1942,4.819999999999999,4.819999999999999,4.819999999999999
1944,4.819999999999999,4.819999999999999,4.819999999999999
1951,3.93,4.529999999999999,4.819999999999999
1953,4.819999999999999,4.819999999999999,4.819999999999999
1983,4.529999999999999,4.819999999999999,4.819999999999999
2002,4.157894736842105,4.819999999999999,4.819999999999999
2006,4.529999999999999,4.529999999999999,4.529999999999999
2033,4.529999999999999,4.819999999999999,4.819999999999999
2038,4.529999999999999,4.529999999999999,4.529999999999999
2046,3.83,4.819999999999999,4.819999999999999
2068,4.529999999999999,4.819999999999999,4.529999999999999
2073,4.157894736842105,4.529999999999999,4.819999999999999
2075,4.819999999999999,4.819999999999999,4.819999999999999
2097,4.819999999999999,4.819999999999999,4.819999999999999
2105,4.819999999999999,4.819999999999999,4.819999999999999
2154,4.529999999999999,4.819999999999999,4.819999999999999
2179,4.529999999999999,4.819999999999999,4.819999999999999
2182,4.529999999999999,3.83,4.529999999999999
2186,4.529999999999999,4.819999999999999,4.819999999999999
2191,4.529999999999999,4.529999999999999,4.819999999999999
2197,4.529999999999999,4.819999999999999,4.819999999999999
2220,4.529999999999999,4.529999999999999,4.529999999999999
2222,4.529999999999999,4.819999999999999,4.819999999999999
2278,4.529999999999999,4.529999999999999,4.819999999999999
2280,4.529999999999999,4.529999999999999,4.819999999999999
2308,4.529999999999999,4.529999999999999,4.529999999999999
2315,4.529999999999999,4.819999999999999,4.819999999999999
2332,4.529999999999999,4.819999999999999,4.529999999999999
2335,4.529999999999999,4.819999999999999,4.819999999999999
2337,4.529999999999999,4.819999999999999,4.819999999999999
2339,4.529999999999999,4.819999999999999,4.819999999999999
2353,4.529999999999999,4.819999999999999,4.819999999999999
2357,4.529999999999999,4.529999999999999,4.529999999999999
2369,4.529999999999999,4.819999999999999,4.819999999999999
2409,4.819999999999999,4.819999999999999,4.819999999999999
2426,4.529999999999999,4.819999999999999,4.819999999999999
2428,4.819999999999999,4.819999999999999,4.529999999999999
2430,4.819999999999999,4.529999999999999,4.529999999999999
2432,4.819999999999999,4.819999999999999,4.819999999999999
2465,4.529999999999999,4.819999999999999,4.819999999999999
2475,4.529999999999999,4.819999999999999,4.819999999999999
2479,4.529999999999999,4.819999999999999,4.819999999999999
2494,4.529999999999999,4.819999999999999,4.819999999999999
2510,4.529999999999999,4.819999999999999,4.819999999999999
2542,4.529999999999999,4.819999999999999,4.819999999999999
2546,3.1800000000000006,4.819999999999999,4.529999999999999
2549,4.529999999999999,4.819999999999999,4.819999999999999
2551,4.529999999999999,4.819999999999999,4.819999999999999
2559,4.157894736842105,4.819999999999999,4.819999999999999
2586,4.819999999999999,4.819999999999999,4.819999999999999
2591,3.1800000000000006,4.529999999999999,4.819999999999999
2615,3.1800000000000006,4.819999999999999,4.819999999999999
2619,4.819999999999999,4.819999999999999,4.819999999999999
2622,4.529999999999999,4.819999999999999,4.529999999999999
2630,4.529999999999999,4.819999999999999,4.819999999999999
2637,4.819999999999999,4.819999999999999,4.819999999999999
2676,4.529999999999999,4.529999999999999,4.529999999999999
2681,4.819999999999999,4.819999999999999,4.819999999999999
2694,4.819999999999999,4.819999999999999,4.819999999999999
2695,4.819999999999999,4.819999999999999,4.819999999999999
2698,4.819999999999999,4.819999999999999,4.819999999999999
2699,4.529999999999999,4.819999999999999,4.819999999999999
2707,4.819999999999999,4.819999999999999,4.819999999999999
2738,4.529999999999999,4.075,4.819999999999999
2780,4.529999999999999,4.819999999999999,4.819999999999999
2786,4.819999999999999,4.819999999999999,4.819999999999999
2807,4.819999999999999,4.819999999999999,4.819999999999999
2829,4.819999999999999,4.819999999999999,4.819999999999999
2855,4.529999999999999,4.529999999999999,4.529999999999999
2880,4.529999999999999,4.819999999999999,4.529999999999999
2885,4.529999999999999,4.819999999999999,4.529999999999999
2888,4.529999999999999,4.819999999999999,4.819999999999999
2936,4.529999999999999,4.529999999999999,4.819999999999999
2957,4.529999999999999,4.819999999999999,4.819999999999999
2959,4.819999999999999,4.819999999999999,4.819999999999999
2964,4.819999999999999,4.819999999999999,4.819999999999999
2982,4.819999999999999,4.819999999999999,4.819999999999999
2990,4.529999999999999,4.819999999999999,4.819999999999999
2995,4.529999999999999,3.5500000000000003,4.819999999999999
2998,4.529999999999999,4.819999999999999,4.819999999999999
3002,4.529999999999999,4.529999999999999,4.819999999999999
3021,4.819999999999999,4.819999999999999,4.819999999999999
3037,4.819999999999999,2.45,4.819999999999999
3042,4.819999999999999,2.45,4.819999999999999
3051,4.819999999999999,4.819999999999999,4.819999999999999
3070,4.529999999999999,4.529999999999999,4.529999999999999
3077,4.819999999999999,4.819999999999999,4.819999999999999
3086,4.529999999999999,2.45,4.819999999999999
3093,4.529999999999999,4.819999999999999,4.819999999999999
3100,4.529999999999999,4.819999999999999,4.819999999999999
3102,4.529999999999999,4.819999999999999,4.819999999999999
3107,4.529999999999999,4.819999999999999,4.819999999999999
3116,4.529999999999999,3.1499999999999995,4.819999999999999
3136,4.819999999999999,4.819999999999999,4.819999999999999
3141,4.529999999999999,4.529999999999999,4.529999999999999
3145,4.819999999999999,4.819999999999999,4.819999999999999
3149,4.529999999999999,4.819999999999999,4.819999999999999
3152,4.529999999999999,4.819999999999999,4.819999999999999
3160,4.819999999999999,4.819999999999999,4.819999999999999
3161,4.819999999999999,4.819999999999999,4.819999999999999
3170,4.529999999999999,4.819999999999999,4.819999999999999
3175,4.819999999999999,4.819999999999999,4.819999999999999
3182,4.819999999999999,4.819999999999999,4.819999999999999
3228,4.529999999999999,4.819999999999999,4.819999999999999
3246,4.529999999999999,4.819999999999999,4.819999999999999
3260,3.93,4.819999999999999,4.819999999999999
3271,4.529999999999999,4.819999999999999,4.819999999999999
3295,4.819999999999999,4.819999999999999,4.819999999999999
3298,4.819999999999999,4.819999999999999,4.819999999999999
3302,4.529999999999999,4.819999999999999,4.819999999999999
3308,4.819999999999999,4.819999999999999,4.819999999999999
3324,3.83,4.529999999999999,4.529999999999999
3332,4.819999999999999,4.819999999999999,4.819999999999999
3338,3.93,4.819999999999999,4.529999999999999
3361,4.819999999999999,4.91,4.819999999999999
3363,4.1,4.529999999999999,4.819999999999999
3370,4.819999999999999,4.819999999999999,4.819999999999999
3395,4.529999999999999,4.819999999999999,4.819999999999999
3396,3.83,4.819999999999999,4.819999999999999
3401,4.529999999999999,4.529999999999999,4.529999999999999
3414,4.529999999999999,4.819999999999999,4.819999999999999
3453,4.529999999999999,4.529999999999999,4.529999999999999
3470,4.819999999999999,2.45,4.819999999999999
3521,4.819999999999999,4.819999999999999,4.819999999999999
3524,4.819999999999999,4.819999999999999,4.819999999999999
3545,4.529999999999999,4.819999999999999,4.819999999999999
3546,4.529999999999999,4.819999999999999,4.819999999999999
3563,4.529999999999999,4.819999999999999,4.819999999999999
3585,4.529999999999999,4.819999999999999,4.819999999999999
3630,4.819999999999999,4.819999999999999,4.529999999999999
3648,4.529999999999999,4.819999999999999,4.819999999999999
3649,4.529999999999999,4.819999999999999,4.819999999999999
3656,4.819999999999999,4.819999999999999,4.819999999999999
3667,4.819999999999999,4.819999999999999,4.819999999999999
3688,4.529999999999999,4.819999999999999,4.819999999999999
3691,4.819999999999999,4.819999999999999,4.819999999999999
3725,4.819999999999999,4.819999999999999,4.819999999999999
3732,4.819999999999999,4.819999999999999,4.819999999999999
3738,4.529999999999999,4.819999999999999,4.529999999999999
3754,4.529999999999999,4.819999999999999,4.819999999999999
3767,3.93,4.819999999999999,4.819999999999999
3768,4.529999999999999,4.819999999999999,4.819999999999999
3773,4.819999999999999,4.819999999999999,4.819999999999999
3797,4.529999999999999,4.819999999999999,4.819999999999999
3807,4.529999999999999,4.819999999999999,4.819999999999999
3822,4.819999999999999,4.819999999999999,4.819999999999999
3831,4.529999999999999,3.1800000000000006,4.819999999999999
3832,4.529999999999999,4.819999999999999,4.529999999999999
3836,4.529999999999999,4.819999999999999,4.819999999999999
3837,4.819999999999999,4.529999999999999,4.529999999999999
3862,4.529999999999999,4.529999999999999,4.819999999999999
3864,4.819999999999999,4.819999999999999,4.819999999999999
3876,4.529999999999999,4.529999999999999,4.529999999999999
3878,4.819999999999999,4.819999999999999,4.819999999999999
3881,4.529999999999999,4.529999999999999,4.819999999999999
3883,4.529999999999999,4.529999999999999,4.819999999999999
3891,4.819999999999999,4.819999999999999,4.529999999999999
3892,4.819999999999999,4.819999999999999,4.819999999999999
3895,4.819999999999999,4.819999999999999,4.819999999999999
3899,4.529999999999999,4.819999999999999,4.819999999999999
3919,4.529999999999999,4.819999999999999,4.819999999999999
3935,4.529999999999999,4.819999999999999,4.819999999999999
3940,4.529999999999999,4.819999999999999,4.819999999999999
3947,4.819999999999999,4.819999999999999,4.819999999999999
3967,3.93,4.819999999999999,4.819999999999999
3968,4.1,4.819999999999999,4.819999999999999
3972,4.819999999999999,4.819999999999999,4.819999999999999
3981,4.529999999999999,4.819999999999999,4.819999999999999
3982,4.819999999999999,4.819999999999999,4.819999999999999
4008,4.529999999999999,4.819999999999999,4.819999999999999
4010,4.529999999999999,4.819999999999999,4.819999999999999
4013,4.529999999999999,4.819999999999999,4.819999999999999
4014,4.819999999999999,4.819999999999999,4.819999999999999
4020,4.529999999999999,4.819999999999999,4.819999999999999
4060,4.1,4.819999999999999,4.819999999999999
4065,4.819999999999999,4.819999999999999,4.819999999999999
4070,4.529999999999999,4.529999999999999,4.819999999999999
4084,4.529999999999999,4.819999999999999,4.819999999999999
4109,4.529999999999999,4.819999999999999,4.819999999999999
4119,4.819999999999999,4.819999999999999,4.529999999999999
4144,4.819999999999999,4.819999999999999,4.819999999999999
4168,4.529999999999999,4.819999999999999,4.819999999999999
4177,4.529999999999999,4.819999999999999,4.819999999999999
4192,4.529999999999999,4.819999999999999,4.819999999999999
4198,4.529999999999999,4.819999999999999,4.819999999999999
4203,4.819999999999999,4.819999999999999,4.819999999999999
4212,4.529999999999999,4.819999999999999,4.529999999999999
